Suburb,Address,Rooms,Type,Price,Method,SellerG,Date,Distance,Postcode,Bedroom2,Bathroom,Car,Landsize,BuildingArea,YearBuilt,CouncilArea,Lattitude,Longtitude,Regionname,Propertycount
Abbotsford,68 Studley St,2,h,,SS,Jellis,3/09/2016,2.5,3067.0,2.0,1.0,1.0,126.0,,,Yarra City Council,-37.8014,144.9958,Northern Metropolitan,4019.0
Airport West,154 Halsey Rd,3,t,840000.0,PI,Nelson,3/09/2016,13.5,3042.0,3.0,2.0,1.0,303.0,225.0,2016.0,Moonee Valley City Council,-37.718,144.878,Western Metropolitan,3464.0
Albert Park,105 Kerferd Rd,2,h,1275000.0,S,hockingstuart,3/09/2016,3.3,3206.0,2.0,1.0,0.0,120.0,82.0,1900.0,Port Phillip City Council,-37.8459,144.9555,Southern Metropolitan,3280.0
Alphington,30 Austin St,3,h,,SN,McGrath,3/09/2016,6.4,3078.0,3.0,2.0,1.0,174.0,122.0,2003.0,Darebin City Council,-37.7818,145.0198,Northern Metropolitan,2211.0
Altona,158 Queen St,3,h,520000.0,VB,Greg,3/09/2016,13.8,3018.0,3.0,2.0,1.0,352.0,242.0,2015.0,Hobsons Bay City Council,-37.87,144.825,Western Metropolitan,5301.0
Altona North,1 Beuron Rd,3,h,,SP,Williams,3/09/2016,11.1,3025.0,3.0,1.0,1.0,620.0,108.0,1950.0,Hobsons Bay City Council,-37.829,144.848,Western Metropolitan,5132.0
Armadale,24 Hume St,3,h,,S,RT,3/09/2016,6.3,3143.0,2.0,1.0,1.0,305.0,,,Stonnington City Council,-37.8573,145.0226,Southern Metropolitan,4836.0
Ascot Vale,24 Ayr St,3,h,,S,Jellis,3/09/2016,5.9,3032.0,3.0,1.0,2.0,305.0,135.0,1910.0,Moonee Valley City Council,-37.7799,144.9296,Western Metropolitan,6567.0
Ashburton,61 Dent St,4,h,2650000.0,S,Marshall,3/09/2016,11.0,3147.0,4.0,3.0,2.0,753.0,399.0,2015.0,Boroondara City Council,-37.8669,145.0767,Southern Metropolitan,3052.0
Ashwood,1/14 Eildon Rd,3,h,,SP,Jellis,3/09/2016,12.2,3147.0,3.0,1.0,2.0,343.0,,1960.0,Monash City Council,-37.8623,145.1098,Southern Metropolitan,2894.0
Avondale Heights,13 MacEy Av,4,h,1310000.0,S,Jellis,3/09/2016,10.5,3034.0,,,,,,,Moonee Valley City Council,,,Western Metropolitan,4502.0
Balaclava,18 Linton St,4,h,1819000.0,S,Gary,3/09/2016,6.6,3183.0,3.0,2.0,1.0,244.0,180.0,1900.0,Port Phillip City Council,-37.8668,144.9928,Southern Metropolitan,2952.0
Balwyn,1/4 Glenluss St,3,t,,S,Jellis,3/09/2016,9.7,3103.0,3.0,2.0,2.0,348.0,,,Boroondara City Council,-37.8053,145.0934,Southern Metropolitan,5682.0
Balwyn North,3/41 Clifton St,3,t,1315000.0,S,hockingstuart,3/09/2016,9.2,3104.0,3.0,2.0,2.0,260.0,167.0,2000.0,Boroondara City Council,-37.7966,145.1021,Southern Metropolitan,7809.0
Bentleigh,5/205 Centre Rd,2,u,636000.0,S,hockingstuart,3/09/2016,13.0,3204.0,2.0,1.0,2.0,202.0,,1974.0,Glen Eira City Council,-37.9165,145.0259,Southern Metropolitan,6795.0
Bentleigh East,9 Edinburgh St,3,h,,SN,hockingstuart,3/09/2016,13.9,3165.0,3.0,1.0,2.0,590.0,146.0,1950.0,Glen Eira City Council,-37.9167,145.0684,Southern Metropolitan,10969.0
Box Hill,32 Margaret St,4,h,1620000.0,S,hockingstuart,3/09/2016,13.1,3128.0,4.0,2.0,2.0,697.0,255.0,1940.0,Whitehorse City Council,-37.8151,145.135,Eastern Metropolitan,4605.0
Braybrook,44 Carlton St,4,h,,W,Sweeney,3/09/2016,10.8,3019.0,4.0,1.0,1.0,821.0,94.0,1950.0,Maribyrnong City Council,-37.7803,144.8478,Western Metropolitan,3589.0
Brighton,802 Hampton St,3,h,1550000.0,VB,Buxton,3/09/2016,11.2,3186.0,3.0,2.0,2.0,663.0,,1940.0,Bayside City Council,-37.9159,145.0068,Southern Metropolitan,10579.0
Brighton East,38 Arnold Rd,5,h,,S,Buxton,3/09/2016,10.7,3187.0,2.0,5.0,3.0,625.0,404.0,2015.0,Bayside City Council,-37.9285,145.024,Southern Metropolitan,6938.0
Brunswick,8/55 De Carle St,2,u,428000.0,S,Brad,3/09/2016,5.2,3056.0,2.0,1.0,2.0,0.0,,1970.0,Moreland City Council,-37.7593,144.9652,Northern Metropolitan,11918.0
Brunswick West,8/7 Passfield St,2,u,521500.0,S,Peter,3/09/2016,5.9,3055.0,2.0,1.0,1.0,0.0,69.0,1960.0,Moreland City Council,-37.768,144.9408,Northern Metropolitan,7082.0
Bulleen,19a Elizabeth St,3,u,851000.0,S,Jellis,3/09/2016,11.8,3105.0,3.0,1.0,2.0,385.0,140.0,2000.0,Manningham City Council,-37.7599,145.0849,Eastern Metropolitan,4480.0
Burwood,15 Loudon Rd,5,h,1590000.0,S,Jellis,3/09/2016,11.7,3125.0,4.0,3.0,2.0,661.0,253.0,1940.0,Monash City Council,-37.848,145.098,Southern Metropolitan,5678.0
Camberwell,28 Brinsley Rd,4,h,2650000.0,S,Jellis,3/09/2016,7.8,3124.0,4.0,2.0,1.0,652.0,189.0,1890.0,Boroondara City Council,-37.8286,145.0686,Southern Metropolitan,8920.0
Canterbury,18 Irilbarra Rd,4,h,2950000.0,S,Marshall,3/09/2016,9.0,3126.0,4.0,2.0,2.0,687.0,215.0,1935.0,Boroondara City Council,-37.8186,145.0706,Southern Metropolitan,3265.0
Carlton North,527 Nicholson St,3,h,1330000.0,VB,Nelson,3/09/2016,3.2,3054.0,3.0,1.0,1.0,314.0,,1900.0,Melbourne City Council,-37.7871,144.9766,Northern Metropolitan,3106.0
Carnegie,1/60 Moonya Rd,3,u,820000.0,S,Ray,3/09/2016,11.4,3163.0,3.0,1.0,2.0,0.0,96.0,1989.0,Glen Eira City Council,-37.897,145.0623,Southern Metropolitan,7822.0
Caulfield,6/5 Freeman St,2,u,722500.0,S,Gary,3/09/2016,8.9,3162.0,2.0,1.0,1.0,0.0,100.0,1960.0,Glen Eira City Council,-37.8865,145.0302,Southern Metropolitan,2379.0
Caulfield North,14 Arthur St,3,h,1365000.0,S,McGrath,3/09/2016,8.1,3161.0,3.0,1.0,0.0,513.0,,,Glen Eira City Council,-37.8678,145.027,Southern Metropolitan,6923.0
Caulfield South,336 Bambra Rd,2,h,,SN,Gary,3/09/2016,9.3,3162.0,,,,,,,Glen Eira City Council,-37.9001,145.0266,Southern Metropolitan,5051.0
Chadstone,3/10 Euroka St,3,t,752000.0,S,Buxton,3/09/2016,13.6,3148.0,3.0,2.0,1.0,182.0,,,Monash City Council,-37.8786,145.1015,Southern Metropolitan,3582.0
Clifton Hill,1/262 Alexandra Pde E,1,u,,PI,Nelson,3/09/2016,3.4,3068.0,1.0,1.0,1.0,0.0,,,Yarra City Council,,,Northern Metropolitan,2954.0
Coburg,1/13 Clarendon St,2,u,,SN,Barry,3/09/2016,7.8,3058.0,2.0,1.0,1.0,0.0,64.0,1980.0,Darebin City Council,-37.7527,144.9522,Northern Metropolitan,11204.0
Coburg North,17 Lorensen Av,3,h,845000.0,S,Nelson,3/09/2016,9.2,3058.0,,,,,,,Darebin City Council,,,Northern Metropolitan,3445.0
Collingwood,69 Hotham St,2,t,750000.0,S,Jellis,3/09/2016,1.6,3066.0,2.0,1.0,1.0,115.0,,,Yarra City Council,-37.7968,144.9891,Northern Metropolitan,4553.0
Doncaster,329 George St,4,h,1924500.0,S,Barry,3/09/2016,13.9,3108.0,4.0,4.0,2.0,1157.0,,,Manningham City Council,-37.7779,145.127,Eastern Metropolitan,9028.0
Eaglemont,82 The Righi,3,h,,SN,Miles,3/09/2016,10.3,3084.0,3.0,1.0,2.0,844.0,132.0,1930.0,Banyule City Council,-37.7626,145.057,Eastern Metropolitan,1651.0
Elsternwick,30 Ross St,2,h,900000.0,VB,Gary,3/09/2016,8.5,3185.0,2.0,1.0,2.0,239.0,110.0,1940.0,Glen Eira City Council,-37.8845,144.999,Southern Metropolitan,4898.0
Elwood,20 Coleridge St,5,h,,S,Chisholm,3/09/2016,7.7,3184.0,5.0,2.0,2.0,395.0,229.0,1925.0,Port Phillip City Council,-37.8812,144.9928,Southern Metropolitan,8989.0
Essendon,6 Buckley St,3,h,1425000.0,S,Jellis,3/09/2016,8.0,3040.0,3.0,2.0,2.0,684.0,147.0,1950.0,Moonee Valley City Council,-37.7585,144.9317,Western Metropolitan,9264.0
Essendon North,2/17 Bulla Rd,2,u,396000.0,S,Barry,3/09/2016,9.4,3041.0,2.0,1.0,1.0,0.0,56.0,1975.0,Moonee Valley City Council,-37.7428,144.9086,Western Metropolitan,1308.0
Fairfield,150 Gillies St,3,h,1250000.0,VB,Jellis,3/09/2016,5.8,3078.0,3.0,2.0,0.0,327.0,144.0,1910.0,Darebin City Council,-37.7723,145.0179,Northern Metropolitan,2970.0
Fitzroy,111 Cecil St,2,h,1000000.0,S,Nelson,3/09/2016,1.6,3065.0,2.0,1.0,0.0,128.0,,,Yarra City Council,-37.7941,144.9802,Northern Metropolitan,5825.0
Fitzroy North,233/4 Bik La,2,u,700000.0,SP,Woodards,3/09/2016,3.5,3068.0,2.0,2.0,1.0,4332.0,85.0,2010.0,Moreland City Council,-37.7846,144.9785,Northern Metropolitan,6244.0
Flemington,96 Bryant St,2,h,865500.0,S,Nelson,3/09/2016,4.4,3031.0,2.0,1.0,1.0,168.0,,,Melbourne City Council,-37.7835,144.9339,Northern Metropolitan,3593.0
Footscray,4/33 Ballarat Rd,3,t,585000.0,S,Nelson,3/09/2016,6.4,3011.0,3.0,1.0,1.0,259.0,,,Maribyrnong City Council,-37.7955,144.9063,Western Metropolitan,7570.0
Glen Iris,6 Beatrice St,3,h,1735000.0,S,hockingstuart,3/09/2016,9.2,3146.0,3.0,2.0,3.0,680.0,170.0,1935.0,Boroondara City Council,-37.854,145.0832,Southern Metropolitan,10412.0
Glenroy,2/13 Becket St S,3,t,585000.0,S,Stockdale,3/09/2016,13.0,3046.0,,,,,,,Moreland City Council,,,Northern Metropolitan,8870.0
Gowanbrae,1 Gowanbrae Dr,3,h,631000.0,S,Nelson,3/09/2016,13.6,3043.0,3.0,2.0,2.0,608.0,138.0,2001.0,Moreland City Council,-37.709,144.8925,Western Metropolitan,1071.0
Hadfield,20 Bedford St,3,h,605000.0,PI,hockingstuart,3/09/2016,12.1,3046.0,3.0,1.0,2.0,597.0,116.0,1960.0,Moreland City Council,-37.711,144.9478,Northern Metropolitan,2606.0
Hampton,1/30 Grenville St,2,u,895000.0,S,hockingstuart,3/09/2016,13.7,3188.0,2.0,1.0,1.0,228.0,87.0,1975.0,Bayside City Council,-37.9355,145.0008,Southern Metropolitan,5454.0
Hampton East,20 Highbury Av,4,h,1525000.0,S,Marshall,3/09/2016,14.5,3188.0,,,,,,,Bayside City Council,,,Southern Metropolitan,2356.0
Hawthorn,22/9 Lisson Gr,1,u,,PI,Biggin,3/09/2016,4.6,3122.0,1.0,1.0,1.0,0.0,52.0,1970.0,Boroondara City Council,-37.8261,145.0269,Southern Metropolitan,11308.0
Heidelberg Heights,97 Edwin St,2,h,815000.0,SP,Fletchers,3/09/2016,10.5,3081.0,2.0,1.0,2.0,589.0,120.0,1930.0,Banyule City Council,-37.7501,145.0505,Eastern Metropolitan,2947.0
Heidelberg West,3 Ebony Pde,2,h,,SP,Nelson,3/09/2016,9.4,3081.0,2.0,1.0,4.0,612.0,,,Banyule City Council,-37.7431,145.0397,Eastern Metropolitan,2674.0
Hughesdale,57 Euston Rd,3,h,,SN,Ray,3/09/2016,13.0,3166.0,4.0,1.0,3.0,671.0,,,Monash City Council,-37.8947,145.0859,Southern Metropolitan,3145.0
Ivanhoe,9/88 Marshall St,2,u,480000.0,VB,Miles,3/09/2016,7.9,3079.0,2.0,1.0,1.0,0.0,,,Banyule City Council,-37.77,145.0472,Eastern Metropolitan,5549.0
Kealba,28 Hedgeley Rd,5,h,,PI,Barry,3/09/2016,15.0,3021.0,5.0,3.0,4.0,670.0,152.0,1971.0,Brimbank City Council,-37.7295,144.8183,Western Metropolitan,1202.0
Keilor East,16 Border Dr,3,h,703000.0,S,Nelson,3/09/2016,12.8,3033.0,3.0,2.0,2.0,683.0,200.0,1995.0,Brimbank City Council,-37.7402,144.8591,Western Metropolitan,5629.0
Kensington,4 Coopers La,3,h,785000.0,S,Nelson,3/09/2016,4.2,3031.0,2.0,1.0,1.0,258.0,64.0,,Melbourne City Council,-37.7906,144.924,Northern Metropolitan,5263.0
Kew,13 Annadale St,3,h,1635000.0,S,Jellis,3/09/2016,5.6,3101.0,3.0,1.0,2.0,396.0,,1990.0,Boroondara City Council,-37.8102,145.0451,Southern Metropolitan,10331.0
Kew East,34 Baker Av,4,h,2040000.0,PI,Marshall,3/09/2016,7.5,3102.0,,,,,,,Boroondara City Council,,,Southern Metropolitan,2671.0
Kooyong,30 Monaro Rd,5,h,,S,Marshall,3/09/2016,6.2,3144.0,5.0,4.0,2.0,1401.0,,1983.0,Stonnington City Council,-37.8435,145.0345,Southern Metropolitan,394.0
Maidstone,12 Bosquet St,3,h,670000.0,S,Sweeney,3/09/2016,9.2,3012.0,3.0,1.0,3.0,564.0,,,Maribyrnong City Council,-37.7832,144.8745,Western Metropolitan,3873.0
Malvern,17 Horace St,3,h,,S,Marshall,3/09/2016,7.4,3144.0,3.0,2.0,1.0,226.0,108.0,1900.0,Stonnington City Council,-37.8627,145.0391,Southern Metropolitan,4675.0
Malvern East,9 Chanak St,3,h,1490000.0,S,Marshall,3/09/2016,11.2,3145.0,3.0,1.0,1.0,322.0,137.0,1910.0,Stonnington City Council,-37.8726,145.0396,Southern Metropolitan,8801.0
Maribyrnong,1/127 Raleigh Rd,3,t,,PI,Biggin,3/09/2016,8.7,3032.0,3.0,1.0,1.0,0.0,109.0,2014.0,Maribyrnong City Council,-37.7689,144.8886,Western Metropolitan,4918.0
Melbourne,19/562 Little Bourke St,1,u,,PI,Harcourts,3/09/2016,2.8,3000.0,1.0,1.0,1.0,0.0,53.0,1900.0,Melbourne City Council,-37.8152,144.9557,Northern Metropolitan,17496.0
Middle Park,277 Danks St,3,h,2600000.0,VB,Cayzer,3/09/2016,4.1,3206.0,3.0,1.0,1.0,279.0,133.0,1900.0,Port Phillip City Council,-37.8499,144.957,Southern Metropolitan,2019.0
Mont Albert,371 Elgar Rd,2,h,1320000.0,SP,Lindellas,3/09/2016,11.8,3127.0,2.0,1.0,1.0,613.0,115.0,1950.0,Boroondara City Council,-37.8238,145.1135,Eastern Metropolitan,2079.0
Moonee Ponds,504/26 Shuter St,3,u,670000.0,S,Nelson,3/09/2016,6.9,3039.0,3.0,2.0,2.0,0.0,120.0,2000.0,Moonee Valley City Council,-37.7672,144.9209,Western Metropolitan,6232.0
Moorabbin,21 Fiddes St,3,h,1224000.0,S,Buxton,3/09/2016,14.6,3189.0,3.0,1.0,3.0,834.0,143.0,1960.0,Kingston City Council,-37.9376,145.0474,Southern Metropolitan,2555.0
Newport,23a Farm St,3,h,1025000.0,SP,Sweeney,3/09/2016,8.4,3015.0,3.0,2.0,2.0,301.0,195.0,,Hobsons Bay City Council,-37.842,144.8902,Western Metropolitan,5498.0
Niddrie,28 Coghlan St,3,t,830000.0,S,Barry,3/09/2016,11.2,3042.0,3.0,3.0,2.0,303.0,236.0,2013.0,Moonee Valley City Council,-37.742,144.8885,Western Metropolitan,2291.0
North Melbourne,10 Canning St,4,h,2920000.0,S,Nelson,3/09/2016,2.3,3051.0,4.0,3.0,4.0,310.0,276.0,1880.0,Melbourne City Council,-37.7958,144.944,Northern Metropolitan,6821.0
Northcote,43 Christmas St,2,h,1286000.0,S,McGrath,3/09/2016,5.5,3070.0,2.0,1.0,1.0,245.0,108.0,1890.0,Darebin City Council,-37.7662,145.0096,Northern Metropolitan,11364.0
Oak Park,2/13 Cartwright St,4,t,670000.0,SP,Brad,3/09/2016,11.5,3046.0,,,,,,,Moreland City Council,,,Northern Metropolitan,2651.0
Oakleigh South,27 Beryl Av,4,h,991000.0,S,Woodards,3/09/2016,14.7,3167.0,,,,,,,Kingston City Council,,,South-Eastern Metropolitan,3692.0
Parkville,50 Strickland Rd,4,h,1230000.0,S,Nelson,3/09/2016,2.6,3052.0,4.0,2.0,2.0,357.0,249.0,2009.0,Melbourne City Council,-37.7767,144.9403,Northern Metropolitan,2309.0
Pascoe Vale,9 Irvine St,3,h,1120000.0,S,Brad,3/09/2016,9.9,3044.0,2.0,1.0,2.0,50.0,141.0,1950.0,Moreland City Council,-37.734,144.9416,Northern Metropolitan,7485.0
Port Melbourne,205/101 Bay St,2,u,,PI,RT,3/09/2016,3.8,3207.0,2.0,1.0,1.0,0.0,,,Melbourne City Council,-37.8408,144.94,Southern Metropolitan,8648.0
Prahran,404/12 Anchor Pl,2,u,,PI,hockingstuart,3/09/2016,4.5,3181.0,2.0,1.0,1.0,0.0,,,Stonnington City Council,-37.851,144.9945,Southern Metropolitan,7717.0
Preston,6 Dalgety St,3,h,1250000.0,S,Harcourts,3/09/2016,8.8,3072.0,3.0,1.0,2.0,644.0,141.0,1980.0,Darebin City Council,-37.7419,145.0049,Northern Metropolitan,14577.0
Reservoir,36a Ashton St,3,u,666000.0,S,Barry,3/09/2016,11.2,3073.0,,,,,,,Darebin City Council,,,Northern Metropolitan,21650.0
Richmond,24 Butler St,2,h,937000.0,S,Biggin,3/09/2016,2.6,3121.0,2.0,1.0,1.0,125.0,103.0,1950.0,Yarra City Council,-37.8106,144.994,Northern Metropolitan,14949.0
Rosanna,166 Bellevue Av,3,h,,S,Fletchers,3/09/2016,11.4,3084.0,,,,,,,Banyule City Council,,,Eastern Metropolitan,3540.0
Seddon,56 Hamilton St,3,h,1145000.0,S,Burnham,3/09/2016,6.6,3011.0,3.0,1.0,1.0,350.0,116.0,1890.0,Maribyrnong City Council,-37.8094,144.8869,Western Metropolitan,2417.0
South Melbourne,806/50 Albert Rd,2,u,593000.0,S,Dingle,3/09/2016,2.1,3205.0,2.0,2.0,1.0,0.0,83.0,2012.0,Port Phillip City Council,-37.8341,144.9713,Southern Metropolitan,5943.0
South Yarra,21/27 Avoca St,2,u,531000.0,S,Jellis,3/09/2016,3.3,3141.0,,,,,,,Melbourne City Council,,,Southern Metropolitan,14887.0
Southbank,41/106 Southbank Bvd,3,u,720000.0,S,VICPROP,3/09/2016,1.2,3006.0,3.0,1.0,1.0,0.0,106.0,1993.0,Melbourne City Council,-37.8235,144.9655,Southern Metropolitan,8400.0
Spotswood,73 The Avenue,3,h,1040000.0,S,hockingstuart,3/09/2016,7.7,3015.0,3.0,1.0,3.0,690.0,,1950.0,Hobsons Bay City Council,-37.8272,144.8789,Western Metropolitan,1223.0
St Kilda,57 Acland St,4,h,,PI,Marshall,3/09/2016,6.1,3182.0,,,,,,,Port Phillip City Council,-37.8659,144.977,Southern Metropolitan,13240.0
Strathmore,78 Hillsyde Pde,3,h,905000.0,S,Considine,3/09/2016,9.7,3041.0,3.0,2.0,2.0,662.0,,,Moonee Valley City Council,-37.7356,144.9242,Western Metropolitan,3284.0
Sunshine,7/51 Anderson Rd,2,u,,PI,Barry,3/09/2016,12.6,3020.0,2.0,1.0,1.0,54.0,,,Brimbank City Council,-37.7914,144.8266,Western Metropolitan,3755.0
Sunshine North,27 Bangerang Av,3,h,650000.0,PI,Douglas,3/09/2016,13.3,3020.0,,,,,,,Brimbank City Council,,,Western Metropolitan,4217.0
Sunshine West,36 Lachlan Rd,4,h,661000.0,S,Sweeney,3/09/2016,13.5,3020.0,,,,,,,Brimbank City Council,,,Western Metropolitan,6763.0
Surrey Hills,36 Banool Rd,4,h,2440000.0,S,Marshall,3/09/2016,11.2,3127.0,4.0,3.0,2.0,596.0,264.0,1930.0,Boroondara City Council,-37.8154,145.0927,Southern Metropolitan,5457.0
Templestowe Lower,25 Clauscen St,3,h,1150000.0,S,Ray,3/09/2016,13.8,3107.0,4.0,2.0,2.0,649.0,,,Manningham City Council,-37.7642,145.1157,Eastern Metropolitan,5420.0
Thornbury,2/291 Rathmines St,3,t,,SN,Nelson,3/09/2016,6.5,3071.0,,,,,,,Darebin City Council,,,Northern Metropolitan,8870.0
Toorak,1/21 Albany Rd,3,u,,SP,Kay,3/09/2016,4.6,3142.0,3.0,3.0,0.0,0.0,260.0,,Stonnington City Council,-37.8483,145.0244,Southern Metropolitan,7217.0
Viewbank,52 Rosemar Cct,4,h,910000.0,S,Miles,3/09/2016,13.8,3084.0,4.0,2.0,2.0,626.0,,,Banyule City Council,-37.735,145.0921,Eastern Metropolitan,2698.0
Watsonia,23 Gabonia Av,3,h,620000.0,S,Darren,3/09/2016,14.9,3087.0,,,,,,,Banyule City Council,,,Northern Metropolitan,2329.0
West Melbourne,44 Anderson St,3,t,1010000.0,S,Jellis,3/09/2016,1.9,3003.0,3.0,3.0,2.0,0.0,132.0,1940.0,Melbourne City Council,-37.8048,144.9424,Northern Metropolitan,2230.0
Williamstown,4 Freyer St,4,h,1325000.0,S,hockingstuart,3/09/2016,8.0,3016.0,3.0,2.0,1.0,452.0,,,Hobsons Bay City Council,-37.855,144.8905,Western Metropolitan,6380.0
Williamstown North,4/4 Florence St,2,t,500000.0,VB,Village,3/09/2016,8.9,3016.0,2.0,1.0,1.0,53.0,,,Hobsons Bay City Council,-37.8563,144.8782,Western Metropolitan,802.0
Windsor,207/152 Peel St,2,u,580000.0,VB,Jellis,3/09/2016,5.1,3181.0,2.0,2.0,1.0,0.0,78.0,2012.0,Port Phillip City Council,-37.8558,144.9903,Southern Metropolitan,4380.0
Yallambie,27 Aminya Cr,3,h,665000.0,S,Darren,3/09/2016,15.0,3085.0,,,,,,,Banyule City Council,,,Northern Metropolitan,1369.0
Yarraville,62 Bena St,4,h,,SP,Jas,3/09/2016,7.0,3013.0,4.0,2.0,1.0,464.0,,1920.0,Maribyrnong City Council,-37.8234,144.8802,Western Metropolitan,6543.0
Aberfeldie,2/2 St Kinnord St,1,u,380000.0,S,Nelson,3/12/2016,9.1,3040.0,1.0,1.0,1.0,0.0,39.0,1990.0,Moonee Valley City Council,-37.7561,144.9028,Western Metropolitan,1543.0
Bellfield,12 Perkins Av,3,h,,PN,Nelson,3/12/2016,9.5,3081.0,,,,,,,Banyule City Council,,,Eastern Metropolitan,790.0
Brunswick East,10 Harrison St,3,h,1310000.0,S,Nelson,3/12/2016,4.5,3057.0,3.0,1.0,2.0,456.0,144.0,1950.0,Moreland City Council,-37.7638,144.9804,Northern Metropolitan,5533.0
Burnley,60 Gibdon St,2,h,1005000.0,SP,Biggin,3/12/2016,3.5,3121.0,2.0,1.0,0.0,0.0,,,Yarra City Council,-37.8301,145.0103,Northern Metropolitan,438.0
Campbellfield,11 Bailey Ct,3,h,368000.0,SP,Iconek,3/12/2016,14.5,3061.0,3.0,1.0,2.0,600.0,,,Hume City Council,-37.6783,144.9672,Northern Metropolitan,1889.0
Carlton,46/121 Rathdowne St,3,u,735000.0,SP,Woodards,3/12/2016,1.8,3053.0,3.0,1.0,2.0,3455.0,,,Melbourne City Council,-37.8042,144.9691,Northern Metropolitan,6786.0
East Melbourne,110 Vale St,2,h,4525000.0,S,Caine,3/12/2016,1.5,3002.0,2.0,2.0,1.0,220.0,279.0,,Melbourne City Council,-37.8181,144.9879,Northern Metropolitan,3040.0
Essendon West,14 Clydebank Rd,3,h,810000.0,PI,Nelson,3/12/2016,9.8,3040.0,3.0,1.0,2.0,613.0,,,Moonee Valley City Council,-37.7552,144.8882,Western Metropolitan,588.0
Fawkner,3 Lovely St,3,h,670000.0,S,YPA,3/12/2016,12.4,3060.0,3.0,1.0,3.0,587.0,136.0,,Hume City Council,-37.7007,144.9632,Northern Metropolitan,5070.0
Hawthorn East,742 Burwood Rd,2,h,1550000.0,S,Noel,3/12/2016,7.5,3123.0,2.0,1.0,2.0,432.0,,,Boroondara City Council,-37.8249,145.0532,Southern Metropolitan,6482.0
Heidelberg,58 Brown St,6,h,,SN,Noel,3/12/2016,10.6,3084.0,6.0,4.0,4.0,1580.0,,,Banyule City Council,-37.7525,145.0693,Eastern Metropolitan,2890.0
Ivanhoe East,23 Hilltop Cr,4,h,1775000.0,S,Nelson,3/12/2016,9.0,3079.0,,,,,,,Banyule City Council,,,Eastern Metropolitan,1554.0
Jacana,52 Hales Cr,3,h,470000.0,S,YPA,3/12/2016,14.5,3047.0,,,,,,,Hume City Council,,,Northern Metropolitan,851.0
Kingsbury,1/21 The Fairway,3,u,480000.0,PI,Darren,3/12/2016,12.4,3083.0,3.0,2.0,1.0,218.0,110.0,2004.0,Darebin City Council,-37.7133,145.0374,Northern Metropolitan,1414.0
Kingsville,1/68 Edgar St,2,h,677200.0,SP,Sweeney,3/12/2016,7.8,3012.0,2.0,2.0,1.0,180.0,179.0,2011.0,Maribyrnong City Council,-37.8115,144.8763,Western Metropolitan,1808.0
Murrumbeena,6/9 Gerald St,1,u,,VB,Buxton,3/12/2016,12.1,3163.0,1.0,1.0,1.0,0.0,,,Glen Eira City Council,-37.8952,145.0694,Southern Metropolitan,4442.0
Ormond,208 Booran Rd,3,h,1401000.0,SP,Noel,3/12/2016,11.8,3204.0,3.0,2.0,2.0,650.0,150.0,1950.0,Glen Eira City Council,-37.8986,145.0359,Southern Metropolitan,3578.0
West Footscray,3/589 Barkly St,1,u,300000.0,S,Sweeney,3/12/2016,8.2,3012.0,,,,,,,Maribyrnong City Council,,,Western Metropolitan,5058.0
Albion,7 Dalworth St,2,h,765000.0,SA,Barry,4/02/2016,13.9,3020.0,2.0,1.0,2.0,672.0,111.0,1958.0,Brimbank City Council,-37.7812,144.8121,Western Metropolitan,2185.0
Brooklyn,4 Viola Av,3,h,790000.0,SP,hockingstuart,4/03/2017,10.9,3012.0,,,,,,,Brimbank City Council,,,Western Metropolitan,962.0
Glen Huntly,17 Royal Av,5,h,1711000.0,S,Gary,4/03/2017,10.4,3163.0,,,,,,,Glen Eira City Council,,,Southern Metropolitan,2403.0
Oakleigh,128 Atherton Rd,2,h,1010000.0,S,Ray,4/03/2017,14.0,3166.0,2.0,1.0,2.0,553.0,,1938.0,Monash City Council,-37.9001,145.0981,Southern Metropolitan,3224.0
Ripponlea,3/110 Brighton Rd,2,u,,PN,Gary,4/03/2017,7.4,3185.0,2.0,1.0,1.0,490.0,67.0,1930.0,Port Phillip City Council,-37.8789,144.9944,Southern Metropolitan,821.0
Cremorne,72 Cubitt St,2,h,1000000.0,S,hockingstuart,4/06/2016,2.5,3121.0,2.0,1.0,2.0,176.0,114.0,1920.0,Yarra City Council,-37.8281,144.9923,Northern Metropolitan,1123.0
Docklands,1905/1 Point Park Cr,3,u,1220000.0,SP,Barry,4/06/2016,1.9,3008.0,,,,,,,Melbourne City Council,,,Southern Metropolitan,4707.0
South Kingsville,42 Watt St,4,h,930000.0,S,Sweeney,4/06/2016,9.1,3015.0,5.0,1.0,3.0,669.0,143.0,1950.0,Hobsons Bay City Council,-37.8305,144.8736,Western Metropolitan,984.0
Strathmore Heights,1/408 Mascoma St,3,h,530000.0,S,Nelson,4/06/2016,12.5,3041.0,,,,,,,Moonee Valley City Council,,,Western Metropolitan,389.0
Travancore,2303/18 Mt Alexander Rd,2,u,,W,Ray,4/06/2016,5.3,3032.0,2.0,1.0,1.0,16000.0,,2012.0,Moonee Valley City Council,-37.7847,144.9383,Western Metropolitan,1052.0
Caulfield East,5 Grange Rd,3,h,1650000.0,PI,Woodards,6/08/2016,9.3,3145.0,20.0,1.0,2.0,875.0,,,Glen Eira City Council,-37.8815,145.0491,Southern Metropolitan,608.0
Seaholme,41 Simmons Dr,3,h,860000.0,PI,RT,6/08/2016,12.7,3018.0,3.0,2.0,2.0,537.0,,,Hobsons Bay City Council,-37.8628,144.8468,Western Metropolitan,852.0
Keilor Park,31 Swan St,3,h,720000.0,S,Nelson,8/10/2016,14.5,3042.0,3.0,1.0,1.0,696.0,132.0,1975.0,Brimbank City Council,-37.725,144.8586,Western Metropolitan,1119.0
Gardenvale,66A Gardenvale Rd,3,h,1250000.0,PI,Nick,11/02/2017,9.8,3185.0,3.0,2.0,2.0,236.0,193.0,2004.0,Glen Eira City Council,-37.8982,145.0121,Southern Metropolitan,534.0
Princes Hill,206 Richardson St,2,h,1100000.0,S,Nelson,16/04/2016,3.7,3054.0,,,,,,,Yarra City Council,,,Northern Metropolitan,1008.0
Altona Meadows,3 Parham Ct,3,h,,SN,Barry,1/07/2017,15.5,3028.0,3.0,1.0,3.0,568.0,142.1,1980.0,Hobsons Bay City Council,-37.87931,144.78753,Western Metropolitan,7630.0
Ardeer,22 Lawrence St,2,h,480000.0,S,Sweeney,1/07/2017,12.8,3022.0,,,,,,,Brimbank City Council,,,Western Metropolitan,1281.0
Attwood,91 Stonebridge Wy,5,h,1025000.0,S,Stockdale,1/07/2017,16.5,3049.0,,,,,,,Hume City Council,,,Northern Metropolitan,1130.0
Bayswater,18B Orchard Rd,3,t,640000.0,S,Fletchers,1/07/2017,23.2,3153.0,3.0,2.0,1.0,187.0,125.0,2010.0,Knox City Council,-37.83909,145.26075,Eastern Metropolitan,5030.0
Bayswater North,1/19 Glen Park Rd,3,u,500000.0,PI,Stockdale,1/07/2017,23.2,3153.0,3.0,1.0,2.0,263.0,,1970.0,Maroondah City Council,-37.83303,145.27488,Eastern Metropolitan,3598.0
Beaumaris,13/472 Beach Rd,1,u,,PI,Kay,1/07/2017,17.3,3193.0,,,,,,,Bayside City Council,,,Southern Metropolitan,5366.0
Berwick,96 Avebury Dr,4,h,627500.0,SP,C21,1/07/2017,35.2,3806.0,4.0,2.0,2.0,687.0,,,Casey City Council,-38.02434,145.33117,Eastern Victoria,17093.0
Blackburn,4/5 Dewrang Cr,3,u,1095000.0,S,Fletchers,1/07/2017,13.4,3130.0,,,,,,,Whitehorse City Council,,,Eastern Metropolitan,5713.0
Blackburn South,32 Obrien Cr,3,h,1020000.0,S,McGrath,1/07/2017,13.4,3130.0,,,,,,,Whitehorse City Council,,,Eastern Metropolitan,4387.0
Boronia,39 Lockwoods Rd,3,h,642000.0,S,Stockdale,1/07/2017,25.0,3155.0,3.0,2.0,2.0,968.0,,,Knox City Council,-37.84674,145.29351,Eastern Metropolitan,9704.0
Briar Hill,31A Beaconsfield Rd,3,h,840000.0,S,Barry,1/07/2017,16.1,3088.0,3.0,1.0,2.0,509.0,120.0,2000.0,Banyule City Council,-37.70822,145.11495,Eastern Metropolitan,1390.0
Broadmeadows,1/124 Cuthbert St,3,t,465000.0,S,Barry,1/07/2017,14.0,3047.0,3.0,2.0,3.0,248.0,123.21,2010.0,Hume City Council,-37.68358,144.92387,Northern Metropolitan,4294.0
Bundoora,9 Edro Ct,4,h,,SP,RW,1/07/2017,12.1,3083.0,4.0,2.0,2.0,651.0,,,Banyule City Council,-37.70297,145.05806,Northern Metropolitan,10175.0
Burnside Heights,31 Batman St,3,h,535000.0,S,Barry,1/07/2017,14.8,3023.0,3.0,2.0,2.0,472.0,230.0,2005.0,Melton City Council,-37.7331,144.76282,Western Metropolitan,1686.0
Burwood East,2 Amaroo Ct,4,h,1088000.0,PI,Ray,1/07/2017,14.7,3151.0,4.0,1.0,1.0,536.0,140.7481,,Whitehorse City Council,-37.8534,145.14218,Eastern Metropolitan,4048.0
Cairnlea,16 Homebush Rd,3,h,630000.0,PI,YPA,1/07/2017,14.8,3023.0,3.0,2.0,2.0,397.0,145.0,2007.0,Brimbank City Council,-37.75107,144.78415,Western Metropolitan,2674.0
Caroline Springs,16/7 Toolondo Cl,3,h,545000.0,SP,Metro,1/07/2017,14.8,3023.0,3.0,2.0,2.0,301.0,,,Melton City Council,-37.74397,144.73472,Western Metropolitan,7719.0
Cheltenham,4 Cronin Ct,5,h,1140000.0,S,O'Brien,1/07/2017,17.9,3192.0,5.0,2.0,2.0,570.0,,,Bayside City Council,-37.96763,145.07898,Southern Metropolitan,9758.0
Clarinda,35 Inverness St,3,h,,VB,Grant's,1/07/2017,17.5,3169.0,3.0,1.0,2.0,910.0,,,Kingston City Council,-37.93138,145.10832,South-Eastern Metropolitan,2727.0
Clayton,2/13 Jaguar Dr,3,u,,PN,Wilson,1/07/2017,16.7,3168.0,3.0,1.0,1.0,228.0,115.0,2000.0,Monash City Council,-37.92415,145.13179,South-Eastern Metropolitan,5837.0
Clyde North,11 Riverbank Cl,4,h,689000.0,SP,Harcourts,1/07/2017,43.4,3978.0,,,,,,,Casey City Council,,,Eastern Victoria,2987.0
Craigieburn,13 Aston St,4,h,665000.0,PI,RE,1/07/2017,20.6,3064.0,4.0,2.0,2.0,756.0,236.0,2007.0,Hume City Council,-37.58885,144.90135,Northern Metropolitan,15510.0
Cranbourne,26 Mundaring Dr,5,h,572000.0,S,O'Brien,1/07/2017,34.7,3977.0,5.0,2.0,1.0,581.0,,,Casey City Council,-38.10687,145.2811,South-Eastern Metropolitan,7680.0
Croydon,8 Banool Ct,4,h,932000.0,S,Hoskins,1/07/2017,23.0,3136.0,4.0,2.0,2.0,880.0,225.0,1970.0,Maroondah City Council,-37.79587,145.2683,Eastern Metropolitan,11925.0
Croydon Hills,7 Wildberry Cl,3,h,,PI,Barry,1/07/2017,23.0,3136.0,3.0,2.0,2.0,676.0,133.0,1987.0,Maroondah City Council,-37.77997,145.26342,Eastern Metropolitan,1705.0
Croydon North,22 Knee La,4,h,810000.0,SA,Gardiner,1/07/2017,23.0,3136.0,,,,,,,Maroondah City Council,-37.76883,145.27931,Eastern Metropolitan,2985.0
Dandenong,40 Grandview Av,3,h,585000.0,S,McLennan,1/07/2017,24.7,3175.0,,,,,,,Greater Dandenong City Council,,,South-Eastern Metropolitan,10894.0
Dandenong North,110 Gladstone Rd,3,h,627000.0,S,Barry,1/07/2017,24.7,3175.0,3.0,1.0,1.0,610.0,120.0,1970.0,Greater Dandenong City Council,-37.96322,145.20586,South-Eastern Metropolitan,8322.0
Diamond Creek,17 Norma St,2,h,621000.0,S,Mason,1/07/2017,21.8,3089.0,2.0,1.0,0.0,610.0,61.0,1939.0,Nillumbik Shire Council,-37.67629,145.15589,Northern Victoria,4258.0
Dingley Village,2/77 Centre Dandenong Rd,2,u,612000.0,S,Buxton,1/07/2017,22.2,3172.0,2.0,1.0,1.0,197.0,,1975.0,Kingston City Council,-37.98412,145.13433,South-Eastern Metropolitan,3940.0
Doncaster East,66 Saxonwood Dr,6,h,1856000.0,SP,Barry,1/07/2017,14.3,3109.0,6.0,3.0,3.0,1056.0,322.0,1970.0,Manningham City Council,-37.78053,145.15567,Eastern Metropolitan,10999.0
Donvale,1 Bernarra Ct,7,h,2705000.0,S,Ray,1/07/2017,16.1,3111.0,7.0,2.0,4.0,5022.0,409.54,2004.0,Manningham City Council,-37.76598,145.19329,Eastern Metropolitan,4790.0
Doreen,33 Starboard Dr,3,h,530500.0,S,Buckingham,1/07/2017,25.9,3754.0,3.0,2.0,2.0,400.0,179.0,2012.0,Nillumbik Shire Council,-37.61042,145.11932,Northern Victoria,7254.0
Edithvale,43 Langrigg Av,3,h,1092000.0,S,Hodges,1/07/2017,27.0,3196.0,,,,,,,Kingston City Council,,,South-Eastern Metropolitan,2546.0
Eltham,59 Bible St,3,h,975000.0,S,Morrison,1/07/2017,18.0,3095.0,3.0,1.0,0.0,841.0,,,Banyule City Council,-37.71926,145.15082,Eastern Metropolitan,6990.0
Eltham North,36 Arcadia Wy,4,h,770000.0,S,Barry,1/07/2017,18.0,3095.0,,,,,,,Banyule City Council,,,Eastern Metropolitan,2346.0
Emerald,18 Auhl Rd,3,h,,PI,Barry,1/07/2017,36.9,3782.0,3.0,2.0,4.0,1510.0,110.0,1950.0,Cardinia Shire Council,-37.93248,145.46271,Eastern Victoria,2259.0
Epping,1/309 Findon Rd,3,u,,PI,Harcourts,1/07/2017,19.6,3076.0,,,,,,,Whittlesea City Council,,,Northern Metropolitan,10926.0
Eumemmerring,51 Doveton Av,3,h,515000.0,S,Purplebricks,1/07/2017,28.8,3177.0,,,,,,,Casey City Council,,,South-Eastern Metropolitan,845.0
Ferntree Gully,1/18 Doysal Av,2,u,414000.0,S,Ray,1/07/2017,24.8,3156.0,,,,,,,Knox City Council,,,Eastern Metropolitan,10788.0
Forest Hill,4 Sapphire St,4,h,1372000.0,S,Ray,1/07/2017,15.4,3131.0,4.0,1.0,2.0,866.0,,1970.0,Whitehorse City Council,-37.83816,145.17783,Eastern Metropolitan,4385.0
Frankston,2/195 Beach St,2,u,400000.0,S,O'Brien,1/07/2017,38.0,3199.0,,,,,,,Frankston City Council,,,South-Eastern Metropolitan,17055.0
Frankston North,17 Windoo St,3,h,611000.0,S,Ray,1/07/2017,36.9,3200.0,3.0,2.0,1.0,691.0,109.0,1960.0,Frankston City Council,-38.11948,145.14928,Eastern Victoria,2500.0
Frankston South,169 Humphries Rd,3,h,,SP,hockingstuart,1/07/2017,38.0,3199.0,3.0,2.0,5.0,3617.0,3647.0,,Frankston City Council,-38.18163,145.11457,South-Eastern Metropolitan,7566.0
Gisborne,3 Sansom St,4,h,521000.0,SP,Raine,1/07/2017,45.9,3437.0,4.0,2.0,2.0,978.0,144.0,1980.0,Macedon Ranges Shire Council,-37.49642,144.60119,Northern Victoria,3376.0
Gladstone Park,9 Dolphin Ct,3,h,625000.0,S,YPA,1/07/2017,12.9,3043.0,3.0,1.0,2.0,544.0,,,Hume City Council,-37.68541,144.88471,Western Metropolitan,3285.0
Glen Waverley,7 Marbray Dr,4,h,,SN,Harcourts,1/07/2017,16.7,3150.0,4.0,1.0,2.0,814.0,160.0,1980.0,Monash City Council,-37.88201,145.15056,Eastern Metropolitan,15321.0
Greensborough,44 Manatunga Cct,6,h,990000.0,S,Darren,1/07/2017,16.1,3088.0,6.0,3.0,2.0,562.0,,,Banyule City Council,-37.69749,145.1058,Northern Metropolitan,8524.0
Greenvale,67 Dunfermline Av,3,h,630000.0,SP,YPA,1/07/2017,20.4,3059.0,,,,,,,Hume City Council,,,Northern Metropolitan,4864.0
Hallam,5 Katrina Cl,3,h,662500.0,S,O'Brien,1/07/2017,32.3,3803.0,3.0,2.0,2.0,649.0,,,Casey City Council,-38.00022,145.2709,South-Eastern Metropolitan,3728.0
Healesville,15A Westmount Rd,3,h,650000.0,SP,McGrath,1/07/2017,45.2,3777.0,3.0,2.0,4.0,724.0,156.6,2009.0,Yarra Ranges Shire Council,-37.64685,145.52635,Northern Victoria,3307.0
Heathmont,186 Bedford Rd,3,h,,PN,McGrath,1/07/2017,21.3,3135.0,3.0,2.0,4.0,694.0,,,Maroondah City Council,-37.8247,145.25108,Eastern Metropolitan,3794.0
Highett,7/7 Highett Gr,2,u,,VB,Buxton,1/07/2017,16.0,3190.0,,,,,,,Bayside City Council,,,Southern Metropolitan,4794.0
Hillside,3 Sage Cl,5,h,650500.0,SP,YPA,1/07/2017,18.0,3037.0,5.0,2.0,2.0,615.0,213.0,2007.0,Brimbank City Council,-37.68455,144.73272,Western Metropolitan,5556.0
Hoppers Crossing,7 Ashton Cr,3,h,471000.0,S,Triwest,1/07/2017,18.4,3029.0,,,,,,,Wyndham City Council,,,Western Metropolitan,13830.0
Huntingdale,9/220 Huntingdale Rd,3,h,750000.0,S,Ray,1/07/2017,12.3,3166.0,3.0,2.0,2.0,321.0,87.0,2005.0,Monash City Council,-37.90415,145.10504,Southern Metropolitan,768.0
Keilor Downs,1/67 Lady Nelson Wy,3,h,506000.0,S,O'Brien,1/07/2017,15.5,3038.0,,,,,,,Brimbank City Council,,,Western Metropolitan,3656.0
Keilor Lodge,8 Turin Pl,4,h,640000.0,PI,Barry,1/07/2017,15.5,3038.0,4.0,2.0,1.0,729.0,,1987.0,Brimbank City Council,-37.70115,144.80144,Western Metropolitan,570.0
Keysborough,15 Daylily Dr,4,h,965000.0,S,Ray,1/07/2017,25.2,3173.0,4.0,2.0,2.0,576.0,,,Greater Dandenong City Council,-38.00293,145.16465,South-Eastern Metropolitan,8459.0
Kings Park,169 Gillespie Rd,3,h,520000.0,PI,Bells,1/07/2017,14.0,3021.0,3.0,1.0,2.0,570.0,,,Brimbank City Council,-37.73341,144.77161,Western Metropolitan,2878.0
Lalor,11 Benaroon Dr,4,h,750000.0,S,Ray,1/07/2017,16.3,3075.0,4.0,2.0,4.0,544.0,205.0,2008.0,Whittlesea City Council,-37.66747,144.98802,Northern Metropolitan,8279.0
Lower Plenty,13 Anthony Cl,5,h,880000.0,S,Barry,1/07/2017,14.6,3093.0,5.0,2.0,2.0,725.0,,,Banyule City Council,-37.72399,145.12069,Eastern Metropolitan,1624.0
Lynbrook,9 MacLeod Wy,3,h,597500.0,S,Stockdale,1/07/2017,33.8,3975.0,,,,,,,Casey City Council,,,South-Eastern Metropolitan,2322.0
MacLeod,2/63 Harborne St,3,u,640000.0,S,Darren,1/07/2017,12.7,3085.0,,,,,,,Banyule City Council,,,Northern Metropolitan,4168.0
Melton,38 Gretel Gr,4,h,320000.0,SP,Raine,1/07/2017,31.7,3337.0,4.0,2.0,1.0,547.0,200.0,1986.0,Melton City Council,-37.69026,144.57866,Western Victoria,3600.0
Melton South,19 Sutherland Av,3,h,365000.0,S,Raine,1/07/2017,29.8,3338.0,,,,,,,Melton City Council,,,Western Victoria,4718.0
Melton West,1 Garden Tce,3,h,,PN,hockingstuart,1/07/2017,31.7,3337.0,3.0,2.0,2.0,430.0,,,Melton City Council,-37.68111,144.54468,Northern Victoria,6065.0
Mentone,3/35 Bourke St,2,t,705000.0,S,Ray,1/07/2017,20.0,3194.0,,,,,,,Kingston City Council,,,South-Eastern Metropolitan,6162.0
Mernda,26 Coppice St,4,h,670000.0,S,Harcourts,1/07/2017,25.9,3754.0,4.0,2.0,2.0,512.0,221.0,2012.0,Whittlesea City Council,-37.58676,145.08889,Northern Metropolitan,5812.0
Mickleham,20 Prime St,4,h,,SN,Barry,1/07/2017,20.6,3064.0,4.0,2.0,2.0,392.0,178.0,2014.0,Hume City Council,-37.56532,144.89201,Northern Metropolitan,1158.0
Mill Park,2/2 Comeram Ct,2,u,460000.0,S,Love,1/07/2017,17.9,3082.0,2.0,1.0,1.0,241.0,88.0,2000.0,Whittlesea City Council,-37.67231,145.05878,Northern Metropolitan,10529.0
Mitcham,29 Fuller St,3,h,950000.0,S,Noel,1/07/2017,17.2,3132.0,3.0,1.0,2.0,608.0,138.0,1975.0,Whitehorse City Council,-37.82583,145.20608,Eastern Metropolitan,6871.0
Montmorency,349 Main Rd,3,h,655000.0,S,Ray,1/07/2017,16.2,3094.0,3.0,2.0,3.0,382.0,128.0,1970.0,Banyule City Council,-37.72857,145.12728,Eastern Metropolitan,3891.0
Montrose,10 Ravenswood Ct,3,h,,PI,Max,1/07/2017,28.8,3765.0,3.0,2.0,2.0,860.0,118.0,1980.0,Yarra Ranges Shire Council,-37.80622,145.3494,Eastern Victoria,2493.0
Mordialloc,51B Bear St,4,h,800000.0,PI,Ray,1/07/2017,21.5,3195.0,4.0,3.0,3.0,638.0,,,Kingston City Council,-38.00406,145.09502,South-Eastern Metropolitan,3650.0
Mount Waverley,53 Catherine Av,6,h,1200000.0,PI,hockingstuart,1/07/2017,14.2,3149.0,,,,,,,Monash City Council,,,Eastern Metropolitan,13366.0
Mulgrave,23 Einstein Av,5,h,,PI,Ray,1/07/2017,18.8,3170.0,,,,,,,Monash City Council,,,South-Eastern Metropolitan,7113.0
Narre Warren,29 Bradley Tce,3,h,650000.0,SP,O'Brien,1/07/2017,34.1,3805.0,3.0,1.0,4.0,1042.0,,,Casey City Council,-38.03147,145.31126,South-Eastern Metropolitan,9376.0
Noble Park,3/3 Baldwin Av,2,u,466500.0,S,Leyton,1/07/2017,22.7,3174.0,,,,,,,Greater Dandenong City Council,,,South-Eastern Metropolitan,11806.0
Nunawading,3/1 Crest Gr,2,u,637000.0,S,Ray,1/07/2017,15.4,3131.0,,,,,,,Manningham City Council,,,Eastern Metropolitan,4973.0
Oakleigh East,1725 Dandenong Rd,5,h,1525000.0,S,Ray,1/07/2017,12.3,3166.0,5.0,3.0,6.0,774.0,,,Monash City Council,-37.90119,145.1068,Southern Metropolitan,2547.0
Parkdale,13B Elm Gr,3,t,1000000.0,S,Obrien,1/07/2017,21.5,3195.0,3.0,2.0,2.0,298.0,124.0,1995.0,Kingston City Council,-37.99464,145.08099,South-Eastern Metropolitan,5087.0
Point Cook,97 Alamanda Bvd,4,h,,SN,Ray,1/07/2017,14.7,3030.0,4.0,2.0,2.0,544.0,544.0,2011.0,Wyndham City Council,-37.90929,144.74161,Western Metropolitan,15542.0
Ringwood,36 Kalinda Rd,4,h,,VB,McGrath,1/07/2017,19.9,3134.0,4.0,3.0,2.0,375.0,155.0,2015.0,Maroondah City Council,-37.79062,145.25571,Eastern Metropolitan,7785.0
Ringwood East,3/1 Mines Rd,2,u,560000.0,S,Barry,1/07/2017,21.3,3135.0,2.0,1.0,2.0,217.0,,1985.0,Maroondah City Council,-37.80526,145.24628,Eastern Metropolitan,4407.0
Rockbank,2013 Western Hwy,2,h,340000.0,SP,YPA,1/07/2017,23.8,3335.0,2.0,1.0,0.0,609.0,,,Melton City Council,-37.73289,144.66615,Western Metropolitan,538.0
Rowville,7 Christian Ct,5,h,,S,Ray,1/07/2017,23.5,3178.0,5.0,2.0,2.0,501.0,193.0,1995.0,Knox City Council,-37.93612,145.24688,South-Eastern Metropolitan,11667.0
Roxburgh Park,15 Thompson Cr,3,h,420000.0,S,Raine,1/07/2017,20.6,3064.0,,,,,,,Hume City Council,,,Northern Metropolitan,5833.0
Sandringham,6/76 Bay Rd,2,u,643500.0,S,hockingstuart,1/07/2017,15.2,3191.0,2.0,1.0,1.0,0.0,67.0,1970.0,Bayside City Council,-37.95236,145.00737,Southern Metropolitan,4497.0
Seabrook,19 Spindrift Wy,3,h,625000.0,S,hockingstuart,1/07/2017,15.5,3028.0,,,,,,,Hobsons Bay City Council,,,Western Metropolitan,1793.0
Seaford,18 Bainbridge Av,3,h,610000.0,S,Harcourts,1/07/2017,35.4,3198.0,,,,,,,Frankston City Council,,,South-Eastern Metropolitan,8077.0
Skye,29 Edinburgh Dr,4,h,640000.0,VB,hockingstuart,1/07/2017,34.7,3977.0,4.0,2.0,2.0,631.0,,,Frankston City Council,-38.10542,145.19951,South-Eastern Metropolitan,2756.0
South Morang,15 Ferncroft Dr,4,h,600000.0,PI,Millership,1/07/2017,20.5,3752.0,4.0,2.0,2.0,505.0,222.0,2009.0,Whittlesea City Council,-37.61957,145.0948,Northern Metropolitan,7969.0
Springvale,24 Garnsworthy St,3,h,752500.0,S,iSell,1/07/2017,20.8,3171.0,3.0,1.0,2.0,623.0,99.0,1950.0,Greater Dandenong City Council,-37.94106,145.16193,South-Eastern Metropolitan,7412.0
Springvale South,4 Ruth Ct,3,h,,PI,iSell,1/07/2017,22.2,3172.0,3.0,1.0,2.0,720.0,,,Greater Dandenong City Council,-37.96226,145.13894,South-Eastern Metropolitan,4054.0
St Albans,12 Altyre Ct,3,h,565000.0,S,Bells,1/07/2017,14.0,3021.0,3.0,1.0,2.0,614.0,110.0,1975.0,Brimbank City Council,-37.73074,144.78925,Western Metropolitan,14042.0
St Helena,10 Larool Av,4,h,801000.0,S,Darren,1/07/2017,16.1,3088.0,,,,,,,Banyule City Council,,,Eastern Metropolitan,915.0
Sunbury,11 Bannermann St,4,h,580000.0,S,Raine,1/07/2017,31.7,3429.0,4.0,2.0,2.0,613.0,221.0,2011.0,Hume City Council,-37.59501,144.70069,Western Metropolitan,14092.0
Sydenham,3/42 Albert Rd,2,h,417000.0,S,Bells,1/07/2017,18.0,3037.0,,,,,,,Brimbank City Council,,,Western Metropolitan,3640.0
Tarneit,30 Homestead Av,4,h,810000.0,VB,hockingstuart,1/07/2017,18.4,3029.0,,,,,,,Wyndham City Council,,,Western Metropolitan,10160.0
Taylors Hill,3 Highlander Ct,4,h,605500.0,S,YPA,1/07/2017,18.0,3037.0,4.0,2.0,2.0,724.0,193.0,2002.0,Melton City Council,-37.71071,144.74962,Western Metropolitan,4242.0
Taylors Lakes,2a Mallacoota Ct,3,u,500000.0,PI,Brad,1/07/2017,15.5,3038.0,,,,,,,Brimbank City Council,,,Western Metropolitan,5336.0
Tecoma,1578 Burwood Hwy,3,h,,SN,Barry,1/07/2017,30.4,3160.0,3.0,2.0,2.0,938.0,,,Yarra Ranges Shire Council,-37.90751,145.34725,Eastern Victoria,869.0
Templestowe,7 Watties Rd,2,h,,PI,Fletchers,1/07/2017,15.5,3106.0,2.0,1.0,0.0,13733.0,,,Manningham City Council,-37.74199,145.15901,Eastern Metropolitan,6202.0
The Basin,65 Government Rd,3,h,551200.0,SP,iTRAK,1/07/2017,27.0,3154.0,3.0,1.0,2.0,1007.0,,,Knox City Council,-37.86387,145.31762,Eastern Metropolitan,1690.0
Thomastown,95 Barry Rd,5,h,,SN,Love,1/07/2017,15.3,3074.0,5.0,3.0,4.0,535.0,,,Whittlesea City Council,-37.67122,144.99014,Northern Metropolitan,7955.0
Truganina,2/7 Cabarita St,2,t,385000.0,SP,Reliance,1/07/2017,18.4,3029.0,2.0,1.0,1.0,206.0,,,Melton City Council,-37.84219,144.71155,Western Metropolitan,5811.0
Tullamarine,4/48 Banksia Gr,3,h,500000.0,SP,Jason,1/07/2017,12.9,3043.0,3.0,1.0,1.0,268.0,,,Brimbank City Council,-37.70367,144.88081,Western Metropolitan,3296.0
Vermont,2/36 Halls Pde,3,t,917000.0,S,Noel,1/07/2017,17.2,3133.0,3.0,2.0,2.0,260.0,,2004.0,Maroondah City Council,-37.831,145.19844,Eastern Metropolitan,4181.0
Vermont South,6 Hempstead Av,4,h,,SP,Rounds,1/07/2017,17.2,3133.0,,,,,,,Whitehorse City Council,,,Eastern Metropolitan,4280.0
Wantirna,7/3 Ashley St,2,h,450000.0,PI,Prof.,1/07/2017,14.7,3152.0,2.0,2.0,2.0,74.0,,,Knox City Council,-37.84646,145.22591,Eastern Metropolitan,5424.0
Wantirna South,53 Somes St,3,h,1015000.0,SP,Ray,1/07/2017,14.7,3152.0,3.0,2.0,2.0,550.0,,,Knox City Council,-37.88695,145.21891,Eastern Metropolitan,7082.0
Werribee,22 Bloom St,5,h,,PI,Barry,1/07/2017,14.7,3030.0,5.0,3.0,2.0,452.0,308.0,2016.0,Wyndham City Council,-37.91886,144.64268,Western Metropolitan,16166.0
Werribee South,656 Oconnors Rd,2,h,355000.0,S,Harcourts,1/07/2017,14.7,3030.0,,,,,,,Wyndham City Council,,,Western Metropolitan,821.0
Westmeadows,26 Coghill St,3,h,578000.0,S,Jason,1/07/2017,16.5,3049.0,3.0,2.0,1.0,308.0,,,Hume City Council,-37.67485,144.88995,Northern Metropolitan,2474.0
Williams Landing,89 Sayers Rd,4,h,510000.0,S,Ray,1/07/2017,17.6,3027.0,4.0,2.0,2.0,443.0,443.0,,Wyndham City Council,-37.8543,144.74437,Western Metropolitan,1999.0
Wollert,6 Burley St,2,u,390000.0,S,Ray,1/07/2017,25.5,3750.0,2.0,1.0,1.0,197.0,,,Whittlesea City Council,-37.61401,145.03301,Northern Metropolitan,2940.0
Wyndham Vale,5 Dakara Ct,3,h,480000.0,S,hockingstuart,1/07/2017,27.2,3024.0,3.0,1.0,2.0,743.0,110.0,1990.0,Wyndham City Council,-37.89757,144.63041,Western Metropolitan,5262.0
Aspendale,19 Third Av,5,h,1385000.0,S,Barry,3/06/2017,21.5,3195.0,,,,,,,Kingston City Council,,,South-Eastern Metropolitan,2824.0
Black Rock,1/565 Balcombe Rd,2,u,767000.0,SP,Chisholm,3/06/2017,17.3,3193.0,2.0,1.0,2.0,206.0,,1970.0,Bayside City Council,-37.97614,145.02014,Southern Metropolitan,2866.0
Blackburn North,33 Charlton St,4,t,990000.0,SP,Noel,3/06/2017,13.4,3130.0,4.0,2.0,1.0,296.0,,1950.0,Whitehorse City Council,-37.8054,145.15701,Eastern Metropolitan,2867.0
Bonbeach,1/23 Bondi Rd,3,h,836000.0,S,Ray,3/06/2017,27.0,3196.0,3.0,2.0,2.0,407.0,134.0,1970.0,Kingston City Council,-38.06257,145.1226,South-Eastern Metropolitan,2887.0
Carrum,18 Church Rd,4,h,965000.0,SP,Buxton,3/06/2017,31.2,3197.0,4.0,1.0,3.0,1000.0,,,Kingston City Council,-38.07921,145.12761,South-Eastern Metropolitan,1989.0
Chelsea,5/11 Bath St,2,u,525000.0,PI,hockingstuart,3/06/2017,27.0,3196.0,2.0,1.0,1.0,506.0,,2011.0,Kingston City Council,-38.05304,145.1151,South-Eastern Metropolitan,3906.0
Clayton South,13 Barringun Cr,3,h,840000.0,S,C21,3/06/2017,17.5,3169.0,,,,,,,Kingston City Council,,,South-Eastern Metropolitan,4734.0
Dallas,49 Millewa Cr,4,h,535000.0,S,YPA,3/06/2017,14.0,3047.0,,,,,,,Hume City Council,,,Northern Metropolitan,2246.0
Delahey,18 Bluestone Wk,4,h,505000.0,SP,YPA,3/06/2017,18.0,3037.0,,,,,,,Brimbank City Council,,,Western Metropolitan,2898.0
Doveton,24 Betula St,3,h,545000.0,SP,O'Brien,3/06/2017,28.8,3177.0,3.0,1.0,1.0,700.0,113.0,1960.0,Casey City Council,-37.99095,145.2316,South-Eastern Metropolitan,3533.0
McKinnon,34 Clee St,4,h,1680000.0,PI,hockingstuart,3/06/2017,11.4,3204.0,4.0,2.0,2.0,568.0,,,Glen Eira City Council,-37.90688,145.02827,Southern Metropolitan,2397.0
Mooroolbark,188 Cardigan Rd,5,h,872000.0,SP,Max,3/06/2017,26.5,3138.0,5.0,2.0,2.0,1254.0,186.75,1980.0,Yarra Ranges Shire Council,-37.79026,145.33738,Eastern Victoria,8280.0
Pakenham,31 Azalea Av,4,h,510000.0,SP,Ray,3/06/2017,47.3,3810.0,,,,,,,Cardinia Shire Council,,,Eastern Victoria,17384.0
Ringwood North,28 Adolphson Av,3,h,1005000.0,S,Carter,3/06/2017,19.9,3134.0,,,,,,,Manningham City Council,,,Eastern Metropolitan,3619.0
Scoresby,13 Drysdale Ct,4,h,,SN,Barry,3/06/2017,22.2,3179.0,4.0,2.0,3.0,667.0,217.0,1979.0,Knox City Council,-37.89641,145.22329,Eastern Metropolitan,2206.0
Warrandyte,29 Lynette Av,4,h,850000.0,SP,Philip,3/06/2017,21.1,3113.0,,,,,,,Manningham City Council,,,Eastern Metropolitan,2003.0
Watsonia North,9 Naughtin Ct,4,h,,S,Jellis,3/06/2017,14.5,3087.0,4.0,2.0,2.0,673.0,,,Banyule City Council,-37.69087,145.08164,Northern Metropolitan,1442.0
Wattle Glen,47 Neerim Ri,5,h,1140000.0,S,Fletchers,3/06/2017,23.6,3096.0,,,,,,,Nillumbik Shire Council,,,Northern Victoria,642.0
Wheelers Hill,87 Chancellor Dr,4,h,1171000.0,S,Harcourts,3/06/2017,16.7,3150.0,4.0,2.0,3.0,800.0,163.0,1968.0,Monash City Council,-37.92024,145.18049,South-Eastern Metropolitan,7392.0
Albanvale,4 Oakwood Rd,3,h,,SN,Barry,17/06/2017,14.0,3021.0,3.0,1.0,3.0,614.0,125.0,1980.0,Brimbank City Council,-37.74144,144.77101,Western Metropolitan,1899.0
Aspendale Gardens,6 Hilda Mw,3,h,845000.0,S,Barry,17/06/2017,21.5,3195.0,,,,,,,Kingston City Council,,,South-Eastern Metropolitan,2243.0
Belgrave,50 McNicol Rd,4,h,,VB,Stockdale,17/06/2017,30.4,3160.0,4.0,2.0,2.0,1651.0,,,Yarra Ranges Shire Council,-37.91262,145.34433,Eastern Victoria,1588.0
Carrum Downs,5 Atkins Ct,3,h,500000.0,S,Ray,17/06/2017,34.9,3201.0,3.0,2.0,2.0,509.0,125.0,1993.0,Frankston City Council,-38.09111,145.19084,South-Eastern Metropolitan,8060.0
Cranbourne East,2a Armoy Cl,3,h,440000.0,SP,C21,17/06/2017,34.7,3977.0,,,,,,,Casey City Council,,,South-Eastern Metropolitan,5462.0
Cranbourne North,5 Greenview Ct,4,h,,PI,Ray,17/06/2017,34.7,3977.0,4.0,2.0,2.0,445.0,173.0,2009.0,Casey City Council,-38.07468,145.28803,South-Eastern Metropolitan,6464.0
Deer Park,1 Neimur Av,2,h,1025000.0,PI,FN,17/06/2017,14.8,3023.0,,,,,,,Brimbank City Council,,,Western Metropolitan,6388.0
Heatherton,24 Genine Av,2,h,875000.0,SP,Greg,17/06/2017,18.7,3202.0,,,,,,,Kingston City Council,,,South-Eastern Metropolitan,1048.0
Kilsyth,6 Dunrossil Dr,3,h,,PI,McGrath,17/06/2017,26.0,3137.0,3.0,1.0,1.0,872.0,,,Maroondah City Council,-37.79604,145.31716,Eastern Metropolitan,4654.0
Langwarrin,6/30 Warrenwood Pl,2,u,400000.0,SP,Mindacom,17/06/2017,41.0,3910.0,2.0,1.0,1.0,196.0,,2012.0,Frankston City Council,-38.16439,145.1978,Eastern Victoria,8743.0
Notting Hill,1/3 Saniky St,3,u,840000.0,S,Barry,17/06/2017,16.7,3168.0,3.0,1.0,1.0,390.0,118.0,1970.0,Monash City Council,-37.90354,145.14394,Southern Metropolitan,902.0
Patterson Lakes,10 The Parkway,3,h,,VB,Hodges,17/06/2017,31.2,3197.0,3.0,2.0,2.0,315.0,202.0,2000.0,Kingston City Council,-38.0551,145.14395,South-Eastern Metropolitan,3351.0
Riddells Creek,96 Whittakers La,5,h,,SS,Leeburn,17/06/2017,47.4,3431.0,5.0,1.0,8.0,4700.0,,,Macedon Ranges Shire Council,-37.45418,144.67632,Northern Victoria,1475.0
Beaconsfield Upper,6 Paul Gr,4,h,675000.0,SP,LJ,24/06/2017,39.8,3808.0,4.0,2.0,2.0,1031.0,161.0,1960.0,Cardinia Shire Council,-38.00224,145.41081,Eastern Victoria,973.0
Chelsea Heights,17 Amaroo Dr,4,h,732000.0,S,Buxton,24/06/2017,27.0,3196.0,4.0,2.0,2.0,536.0,202.0,1985.0,Kingston City Council,-38.03526,145.13286,South-Eastern Metropolitan,2076.0
Chirnside Park,10 Parklands Av,3,h,786000.0,S,Noel,24/06/2017,27.1,3116.0,,,,,,,Yarra Ranges Shire Council,,,Eastern Victoria,3789.0
Coolaroo,36 Westmere Cr,3,h,390000.0,S,Barry,24/06/2017,17.4,3048.0,,,,,,,Hume City Council,,,Northern Metropolitan,1124.0
Darley,2 Hare Ct,3,h,,PI,Ryder,24/06/2017,37.5,3340.0,3.0,1.0,3.0,699.0,,,Moorabool Shire Council,-37.661,144.43162,Western Victoria,2992.0
Hampton Park,9 Winnima Av,3,h,,PN,Rexhepi,24/06/2017,33.3,3976.0,,,,,,,Casey City Council,,,South-Eastern Metropolitan,8256.0
Keilor,25 Skyline Dr,3,h,875000.0,SP,Brad,24/06/2017,14.5,3036.0,3.0,1.0,2.0,722.0,,,Brimbank City Council,-37.72302,144.83434,Western Metropolitan,2339.0
Meadow Heights,2 Navarre Ct,3,h,467000.0,S,Raine,24/06/2017,17.4,3048.0,3.0,1.0,1.0,565.0,98.0,1975.0,Hume City Council,-37.65702,144.92447,Northern Metropolitan,4704.0
Mount Evelyn,17 Inverness Rd,3,h,620000.0,VB,Max,24/06/2017,31.6,3796.0,3.0,1.0,4.0,2385.0,127.0,1930.0,Yarra Ranges Shire Council,-37.79977,145.37222,Eastern Victoria,3532.0
North Warrandyte,46 Osborne Rd,5,h,1550000.0,VB,Jellis,24/06/2017,21.1,3113.0,5.0,3.0,4.0,4221.0,321.0,1980.0,Nillumbik Shire Council,-37.73371,145.24045,Eastern Metropolitan,1058.0
Sandhurst,4 Galilee Dr,4,h,645000.0,SP,Harcourts,24/06/2017,34.7,3977.0,4.0,2.0,2.0,448.0,187.0,2010.0,Frankston City Council,-38.0817,145.19654,South-Eastern Metropolitan,1721.0
Silvan,1 Parker Rd,4,h,1070000.0,S,Ray,24/06/2017,34.6,3795.0,4.0,2.0,3.0,38490.0,,,Yarra Ranges Shire Council,-37.83229,145.43003,Eastern Victoria,457.0
Wallan,42 Station St,3,h,,SN,Barry,24/06/2017,44.2,3756.0,3.0,1.0,1.0,754.0,,,Mitchell Shire Council,-37.41495,145.00527,Northern Victoria,3988.0
Croydon South,57 Blazey Rd,3,h,800000.0,SA,Barry,27/05/2017,23.0,3136.0,3.0,1.0,2.0,865.0,,,Maroondah City Council,-37.81263,145.27588,Eastern Metropolitan,1863.0
Derrimut,8 Drum St,4,h,610000.0,S,Bells,27/05/2017,14.7,3030.0,4.0,2.0,2.0,528.0,210.0,2010.0,Brimbank City Council,-37.78774,144.76019,Western Metropolitan,2276.0
Diggers Rest,15 Eureka Rd,3,h,435000.0,S,YPA,27/05/2017,27.7,3427.0,3.0,1.0,2.0,608.0,,,Hume City Council,-37.6204,144.71138,Western Metropolitan,1184.0
Knoxfield,8 Markhill Pl,4,h,1218000.0,S,Ray,27/05/2017,23.3,3180.0,4.0,2.0,2.0,900.0,281.0,1994.0,Knox City Council,-37.87695,145.2547,Eastern Metropolitan,2949.0
Upwey,338 Glenfern Rd,2,h,575000.0,S,Harcourts,27/05/2017,29.3,3158.0,2.0,1.0,1.0,1200.0,,,Yarra Ranges Shire Council,-37.91732,145.33501,Eastern Victoria,2591.0
Warranwood,14 Landau Dr,4,h,,PI,Philip,27/05/2017,19.9,3134.0,,,,,,,Maroondah City Council,,,Eastern Metropolitan,1595.0
Bacchus Marsh,4 Lidgett St,3,h,285000.0,S,Ryder,8/07/2017,37.5,3340.0,3.0,1.0,2.0,612.0,,,Moorabool Shire Council,-37.67344,144.43181,Western Victoria,2871.0
Bullengarook,31 Carrolls La,3,h,535000.0,S,Keatings,12/08/2017,45.9,3437.0,3.0,1.0,0.0,4000.0,,,Macedon Ranges Shire Council,-37.50087,144.48571,Northern Victoria,249.0
Deepdene,1/5 Leonard St,4,t,1680000.0,S,Fletchers,12/08/2017,7.9,3103.0,4.0,2.0,1.0,254.0,172.0,1995.0,Boroondara City Council,-37.81007,145.06792,Southern Metropolitan,892.0
Hurstbridge,40 Anzac Av,5,h,790000.0,S,Mason,12/08/2017,26.1,3099.0,5.0,2.0,2.0,1034.0,225.0,1985.0,Nillumbik Shire Council,-37.63826,145.1991,Northern Victoria,1345.0
Kurunjang,17 Narebar Ct,4,h,345000.0,S,Reliance,12/08/2017,31.7,3337.0,4.0,1.0,0.0,651.0,150.0,2000.0,Melton City Council,-37.67028,144.59455,Northern Victoria,3553.0
Laverton,4 Allen St,1,h,,SN,Reliance,12/08/2017,15.5,3028.0,1.0,1.0,0.0,631.0,98.0,1960.0,Hobsons Bay City Council,-37.86156,144.76772,Western Metropolitan,2004.0
Lilydale,24 Maroondah Hwy,3,h,,SN,McGrath,12/08/2017,29.9,3140.0,3.0,1.0,2.0,1290.0,,,Yarra Ranges Shire Council,-37.75753,145.34103,Eastern Victoria,6732.0
Wonga Park,2 Rindlebrook Pl,3,h,900000.0,VB,Morrison,12/08/2017,25.2,3115.0,3.0,2.0,2.0,0.0,177.0,,Manningham City Council,-37.75912,145.28886,Eastern Victoria,1328.0
Endeavour Hills,18 Struan Av,4,h,625000.0,SP,O'Brien,15/07/2017,28.5,3802.0,4.0,2.0,2.0,669.0,165.0,1980.0,Casey City Council,-37.96466,145.27006,South-Eastern Metropolitan,8443.0
Officer,24 Henrietta Av,4,h,559000.0,SP,Ray,15/07/2017,43.3,3809.0,4.0,2.0,2.0,480.0,,2015.0,Cardinia Shire Council,-38.07054,145.42554,Eastern Victoria,2768.0
Olinda,30 Monash Av,4,h,,SA,Fletchers,15/07/2017,30.6,3788.0,,,,,,,Yarra Ranges Shire Council,,,Eastern Victoria,794.0
Waterways,7 Portland Pl,4,h,1265000.0,S,Ray,15/07/2017,21.5,3195.0,4.0,2.0,2.0,604.0,,,Kingston City Council,-38.01347,145.12675,South-Eastern Metropolitan,709.0
Beaconsfield,12 Windsor Dr,4,h,670000.0,SP,Harcourts,22/07/2017,39.0,3807.0,4.0,2.0,2.0,900.0,244.0,2005.0,Cardinia Shire Council,-38.05614,145.38464,Eastern Victoria,2332.0
Yarra Glen,15 Yarra St,3,h,620000.0,SP,Buckingham,22/07/2017,31.4,3775.0,3.0,2.0,1.0,863.0,180.56,1975.0,Yarra Ranges Shire Council,-37.65391,145.37389,Northern Victoria,1160.0
Brookfield,30 Pinrush Rd,4,h,456000.0,S,Reliance,29/07/2017,29.8,3338.0,4.0,2.0,2.0,576.0,189.0,2010.0,Melton City Council,-37.69104,144.54532,Western Victoria,3122.0
Lysterfield,89 Oaktree Ri,4,h,,S,Ray,29/07/2017,24.8,3156.0,,,,,,,Knox City Council,,,South-Eastern Metropolitan,2126.0
Plenty,2 Hawk Vw,1,h,942000.0,S,Ray,29/07/2017,20.1,3090.0,,,,,,,Nillumbik Shire Council,,,Northern Victoria,777.0
Whittlesea,30 Sherwin St,3,h,601000.0,S,Ray,29/07/2017,35.5,3757.0,3.0,2.0,1.0,972.0,149.0,1996.0,Whittlesea City Council,-37.51232,145.13282,Northern Victoria,2170.0
Burnside,22 Paringa Wy,3,h,657500.0,SP,Harcourts,3/09/2017,14.8,3023.0,3.0,2.0,2.0,631.0,,,Melton City Council,-37.75225,144.7552,Western Metropolitan,1607.0
New Gisborne,28 Dalray Cr,4,h,690000.0,S,Raine,3/09/2017,48.1,3438.0,4.0,2.0,2.0,,175.0,2002.0,Macedon Ranges Shire Council,-37.46659,144.60241,Northern Victoria,849.0
Guys Hill,8 Montuna Gr,4,h,,PN,O'Brien,9/09/2017,39.0,3807.0,4.0,3.0,6.0,,0.0,2013.0,Cardinia Shire Council,-38.01458,145.38619,Eastern Victoria,129.0
Plumpton,9 Remy Av,4,h,625500.0,SP,HAR,23/09/2017,23.8,3335.0,4.0,2.0,2.0,477.0,178.0,2012.0,Melton City Council,-37.71429,144.72492,Western Metropolitan,1490.0
croydon,81 hull Rd,3,h,730000.0,S,Ray,26/08/2017,23.0,3136.0,,,,,,,Maroondah City Council,,,Eastern Metropolitan,11925.0
Monbulk,21 David St,4,h,720000.0,SP,Fletchers,26/08/2017,34.1,3793.0,4.0,2.0,2.0,1611.0,,,Yarra Ranges Shire Council,-37.87931,145.41288,Eastern Victoria,1424.0
Avonsleigh,2 MacClesfield Rd,3,h,,PN,Eview,14/10/2017,36.9,3782.0,3.0,1.0,3.0,1008.0,108.0,1960.0,Cardinia Shire Council,-37.92118,145.46735,Eastern Victoria,335.0
Wildwood,430 Wildwood Rd,5,h,1030000.0,S,RE,14/10/2017,31.7,3429.0,5.0,2.0,2.0,89030.0,,,Hume City Council,-37.604,144.80604,Western Metropolitan,83.0
Gisborne South,31 Stanton Ct,3,h,930000.0,S,Raine,28/10/2017,45.9,3437.0,3.0,2.0,4.0,40468.0,215.0,,Macedon Ranges Shire Council,-37.54812,144.63257,Northern Victoria,290.0
Research,3/10 Ingrams Rd,3,u,605000.0,S,Fletchers,28/10/2017,18.0,3095.0,,,,,,,Nillumbik Shire Council,,,Eastern Metropolitan,938.0
viewbank,1/95 lyon Rd,3,t,885000.0,SP,Ray,28/10/2017,8.9,3084.0,,,,,,,Banyule City Council,,,Eastern Metropolitan,2698.0
Botanic Ridge,15 Bellis Cct,4,h,750000.0,S,Bowman,18/11/2017,34.7,3977.0,4.0,2.0,2.0,629.0,223.0,2010.0,Casey City Council,-38.1452,145.2512,South-Eastern Metropolitan,1240.0
Bulla,133 Bulla Rd,3,h,665000.0,S,Barry,18/11/2017,22.9,3428.0,3.0,1.0,5.0,,,,Hume City Council,-37.6353,144.8013,Western Metropolitan,271.0
Coldstream,54 Killara Rd,3,h,630000.0,S,Ray,18/11/2017,33.0,3770.0,3.0,2.0,6.0,859.0,,1980.0,Yarra Ranges Shire Council,-37.7246,145.3846,Eastern Victoria,810.0
Hopetoun Park,62 Cowans Rd,6,h,,W,RT,18/11/2017,37.5,3340.0,6.0,3.0,10.0,33000.0,,,Moorabool Shire Council,-37.6882,144.4926,Western Victoria,242.0
Cranbourne West,20 Elandra Wy,3,h,455000.0,SP,Munn,25/11/2017,34.7,3977.0,,,,,,,Casey City Council,,,South-Eastern Metropolitan,4939.0
Eynesbury,23 Marong Av,4,h,700000.0,SP,Purplebricks,25/11/2017,29.8,3338.0,4.0,2.0,3.0,,241.0,2016.0,Melton City Council,-37.7941,144.5504,Western Victoria,852.0
Fawkner Lot,1/3 Brian St,3,h,616000.0,SP,Brad,6/01/2018,,,,,,,,,,,,,
Ferny Creek,36 Seabreeze Av,3,h,690000.0,S,FN,3/02/2018,29.5,3786.0,3.0,1.0,2.0,,,,Yarra Ranges Shire Council,-37.8773,145.3286,Eastern Victoria,604.0
Wandin North,237 Warburton Hwy,4,h,1150000.0,PI,Max,3/03/2018,35.2,3139.0,4.0,2.0,2.0,40500.0,,,Yarra Ranges Shire Council,-37.77,145.4147,Eastern Victoria,1130.0
Kalkallo,7 Malcolm St,3,h,615000.0,S,Barry,17/03/2018,20.6,3064.0,3.0,1.0,1.0,2023.0,,,Hume City Council,-37.5304,144.94824,Northern Metropolitan,121.0
Menzies Creek,15 Church Rd,4,h,,SS,Kaye,24/02/2018,32.6,3159.0,4.0,1.0,,4038.0,,,Cardinia Shire Council,-37.91899,145.40189,Eastern Victoria,342.0
